mean_fit_time,std_fit_time,mean_score_time,std_score_time,min_samples_leaf,max_leaf_nodes,max_bins,learning_rate,params,split0_test_score,split1_test_score,split2_test_score,mean_test_score,std_test_score,rank_test_score
0.9979941844940186,0.3509909182358722,0.013668696085611979,0.000560526164085195,10,16,50,0.046415888336127774,"{'regressor__min_samples_leaf': 10, 'regressor__max_leaf_nodes': 16, 'regressor__max_bins': 50, 'regressor__learning_rate': 0.046415888336127774}",0.8846419900067984,0.8867163863666945,0.9189946605182944,0.8967843456305958,0.015727880671438908,1
0.3095051447550456,0.05490652705075947,0.013147115707397461,0.0019633289526994045,20,16,50,0.1,"{'regressor__min_samples_leaf': 20, 'regressor__max_leaf_nodes': 16, 'regressor__max_bins': 50, 'regressor__learning_rate': 0.1}",0.8812754485351139,0.8934950004750978,0.9137011040846474,0.8961571843649531,0.0133708938058706,2
0.4726135730743408,0.17889032075568131,0.012416919072469076,0.0004629764000940648,10,8,50,0.1,"{'regressor__min_samples_leaf': 10, 'regressor__max_leaf_nodes': 8, 'regressor__max_bins': 50, 'regressor__learning_rate': 0.1}",0.8834393970372746,0.8853912720874577,0.9146799995225654,0.8945035562157658,0.014289135789992167,3
12.63529626528422,5.142611487355713,0.021943330764770508,0.0026709913494253248,2,8,50,0.01,"{'regressor__min_samples_leaf': 2, 'regressor__max_leaf_nodes': 8, 'regressor__max_bins': 50, 'regressor__learning_rate': 0.01}",0.874369856734405,0.8867899815474307,0.9178238951570188,0.8929945778129514,0.018274501815773874,4
1.3344566822052002,0.35682527322814706,0.013864278793334961,0.0005394906541304239,20,6,100,0.046415888336127774,"{'regressor__min_samples_leaf': 20, 'regressor__max_leaf_nodes': 6, 'regressor__max_bins': 100, 'regressor__learning_rate': 0.046415888336127774}",0.8828912359907678,0.8803121028890531,0.9156533774856247,0.892952238788482,0.016086624993023994,5
0.6574282646179199,0.27468611640459284,0.012696981430053711,0.0006319224358158924,5,16,10,0.046415888336127774,"{'regressor__min_samples_leaf': 5, 'regressor__max_leaf_nodes': 16, 'regressor__max_bins': 10, 'regressor__learning_rate': 0.046415888336127774}",0.873031068332573,0.8967729272793922,0.9089029867542023,0.8929023274553892,0.01489820548612451,6
14.648257573445639,0.827315502044668,0.023275375366210938,0.0006064922538281812,2,8,30,0.01,"{'regressor__min_samples_leaf': 2, 'regressor__max_leaf_nodes': 8, 'regressor__max_bins': 30, 'regressor__learning_rate': 0.01}",0.870450436597357,0.8872956563644216,0.9159320785877161,0.8912260571831649,0.01877464562438365,7
0.16603549321492514,0.0601028674758554,0.011304140090942383,0.0003181927961219867,20,16,30,0.21544346900318823,"{'regressor__min_samples_leaf': 20, 'regressor__max_leaf_nodes': 16, 'regressor__max_bins': 30, 'regressor__learning_rate': 0.21544346900318823}",0.875510746182725,0.8881698589991728,0.9097544641076383,0.8911450230965121,0.014137344290562015,8
0.20650434494018555,0.02049429837439362,0.011277039845784506,2.2110315105710432e-05,5,32,50,0.21544346900318823,"{'regressor__min_samples_leaf': 5, 'regressor__max_leaf_nodes': 32, 'regressor__max_bins': 50, 'regressor__learning_rate': 0.21544346900318823}",0.8794430977381978,0.8878204132970502,0.9027627371137305,0.8900087493829929,0.009645137160593821,9
0.5574912230173746,0.2296548170178444,0.01259907086690267,0.0005530797634926048,20,32,5,0.1,"{'regressor__min_samples_leaf': 20, 'regressor__max_leaf_nodes': 32, 'regressor__max_bins': 5, 'regressor__learning_rate': 0.1}",0.8762506200786897,0.8874958397526821,0.9059838768418967,0.889910112224423,0.01225800889520951,10
0.4328736464182536,0.08633307612783868,0.012172063191731771,0.00017514516518989017,10,32,5,0.1,"{'regressor__min_samples_leaf': 10, 'regressor__max_leaf_nodes': 32, 'regressor__max_bins': 5, 'regressor__learning_rate': 0.1}",0.8660094797268735,0.890385369958637,0.9076253103734028,0.8880067200196379,0.017072645210967897,11
2.4556051890055337,1.6390545310979292,0.015340805053710938,0.0018102884332899462,2,16,10,0.021544346900318832,"{'regressor__min_samples_leaf': 2, 'regressor__max_leaf_nodes': 16, 'regressor__max_bins': 10, 'regressor__learning_rate': 0.021544346900318832}",0.8697203283476023,0.8946738710753118,0.898590428693325,0.887661542705413,0.012786717988300464,12
14.348642349243164,1.4417189880389918,0.022613128026326496,0.0008032497394213253,20,5,100,0.01,"{'regressor__min_samples_leaf': 20, 'regressor__max_leaf_nodes': 5, 'regressor__max_bins': 100, 'regressor__learning_rate': 0.01}",0.8728458130183993,0.8793412068653023,0.9104680898535548,0.887551703245752,0.016419868385085683,13
0.5839246908823649,0.27085871235742054,0.012590408325195312,0.0006772713566720505,2,6,100,0.1,"{'regressor__min_samples_leaf': 2, 'regressor__max_leaf_nodes': 6, 'regressor__max_bins': 100, 'regressor__learning_rate': 0.1}",0.8658030770220347,0.8859187064780828,0.9109283975071641,0.8875500603357606,0.01845841495141859,14
1.2334272066752117,0.04555573284034217,0.013468583424886068,6.033649434125624e-05,20,3,30,0.1,"{'regressor__min_samples_leaf': 20, 'regressor__max_leaf_nodes': 3, 'regressor__max_bins': 30, 'regressor__learning_rate': 0.1}",0.8701362813465549,0.8753796368683731,0.9163890931630692,0.8873016704593324,0.020679004069207373,15
17.745342016220093,0.07004181092630138,0.025839567184448242,5.816338392908487e-05,10,16,30,0.004641588833612777,"{'regressor__min_samples_leaf': 10, 'regressor__max_leaf_nodes': 16, 'regressor__max_bins': 30, 'regressor__learning_rate': 0.004641588833612777}",0.8692547074029372,0.883284269494478,0.9092455608944058,0.8872615125972737,0.016566652000692593,16
9.265408039093018,3.100278687588634,0.02208677927652995,0.0028036800637660075,10,64,100,0.01,"{'regressor__min_samples_leaf': 10, 'regressor__max_leaf_nodes': 64, 'regressor__max_bins': 100, 'regressor__learning_rate': 0.01}",0.8734789980231902,0.8891638737872312,0.898687977808725,0.8871102832063821,0.010393462405512092,17
3.565605401992798,0.22168319655901536,0.016102155049641926,0.0005032059440365636,2,32,255,0.021544346900318832,"{'regressor__min_samples_leaf': 2, 'regressor__max_leaf_nodes': 32, 'regressor__max_bins': 255, 'regressor__learning_rate': 0.021544346900318832}",0.8586548163992062,0.8851292191782179,0.9170590366617266,0.8869476907463835,0.023878070347097723,18
13.14515988032023,3.9778298795076488,0.02229650815327962,0.002098078523013454,1,6,255,0.01,"{'regressor__min_samples_leaf': 1, 'regressor__max_leaf_nodes': 6, 'regressor__max_bins': 255, 'regressor__learning_rate': 0.01}",0.8751995234858748,0.8803445440951074,0.9034392621910432,0.8863277765906751,0.01228060839578831,19
17.571880340576172,3.544992034205995,0.026795069376627605,0.0017985420406800244,10,32,10,0.004641588833612777,"{'regressor__min_samples_leaf': 10, 'regressor__max_leaf_nodes': 32, 'regressor__max_bins': 10, 'regressor__learning_rate': 0.004641588833612777}",0.8730338547264533,0.8816937899860043,0.9037798050064898,0.8861691499063159,0.01294475439364961,20
0.5658539136250814,0.2263435501804821,0.012988805770874023,0.0006149412173993067,50,32,10,0.1,"{'regressor__min_samples_leaf': 50, 'regressor__max_leaf_nodes': 32, 'regressor__max_bins': 10, 'regressor__learning_rate': 0.1}",0.8710538868367173,0.8820815621838082,0.9049647486313465,0.8860333992172906,0.014123252667569494,21
17.542686223983765,6.066361195094484,0.026206572850545246,0.0037289036727674216,5,32,100,0.004641588833612777,"{'regressor__min_samples_leaf': 5, 'regressor__max_leaf_nodes': 32, 'regressor__max_bins': 100, 'regressor__learning_rate': 0.004641588833612777}",0.8760082160302534,0.8845216160948883,0.8971893433045196,0.8859063918098871,0.008702422689029536,22
10.424002647399902,3.031958523201566,0.021502097447713215,0.0018881776726468078,50,8,50,0.01,"{'regressor__min_samples_leaf': 50, 'regressor__max_leaf_nodes': 8, 'regressor__max_bins': 50, 'regressor__learning_rate': 0.01}",0.8709910849623052,0.8811640038335923,0.9035567378442334,0.8852372755467103,0.013603286214323995,23
0.7890043258666992,0.2963254481990463,0.013114690780639648,0.0011646730262876214,5,32,50,0.046415888336127774,"{'regressor__min_samples_leaf': 5, 'regressor__max_leaf_nodes': 32, 'regressor__max_bins': 50, 'regressor__learning_rate': 0.046415888336127774}",0.8601147670935186,0.878657010428986,0.9152856562593301,0.8846858112606116,0.022923300844877183,24
0.15547792116800943,0.02292004038893997,0.011198123296101889,8.97953991118916e-05,20,6,255,0.21544346900318823,"{'regressor__min_samples_leaf': 20, 'regressor__max_leaf_nodes': 6, 'regressor__max_bins': 255, 'regressor__learning_rate': 0.21544346900318823}",0.8777418814785406,0.8704213256154552,0.9052789799875739,0.8844807290271898,0.015007177544861094,25
0.12843966484069824,0.017596139978895576,0.011060476303100586,5.1551735316990736e-05,10,6,100,0.21544346900318823,"{'regressor__min_samples_leaf': 10, 'regressor__max_leaf_nodes': 6, 'regressor__max_bins': 100, 'regressor__learning_rate': 0.21544346900318823}",0.8697932469375823,0.8818640227228302,0.8983597917703894,0.8833390204769339,0.0117087882863586,26
14.173292318979898,0.7995241606156189,0.02241365114847819,9.754425115059941e-05,20,4,100,0.01,"{'regressor__min_samples_leaf': 20, 'regressor__max_leaf_nodes': 4, 'regressor__max_bins': 100, 'regressor__learning_rate': 0.01}",0.8675573553632099,0.8750987468374003,0.9063057423581253,0.8829872815195786,0.016773612376803426,27
1.1339599291483562,0.5732912218854602,0.012849013010660807,0.001019511601678489,20,64,255,0.21544346900318823,"{'regressor__min_samples_leaf': 20, 'regressor__max_leaf_nodes': 64, 'regressor__max_bins': 255, 'regressor__learning_rate': 0.21544346900318823}",0.8670052342906388,0.8840368749150223,0.8972781545411629,0.8827734212489413,0.012391116750812463,28
0.4814620812733968,0.23135376445424696,0.012076616287231445,0.0008648886475358942,20,64,100,0.1,"{'regressor__min_samples_leaf': 20, 'regressor__max_leaf_nodes': 64, 'regressor__max_bins': 100, 'regressor__learning_rate': 0.1}",0.8741224457853844,0.8708573674505922,0.9016493303636126,0.8822097145331963,0.013810362820691537,29
3.7345786889394126,1.553368162013785,0.016321182250976562,0.0014514992542911103,5,5,50,0.021544346900318832,"{'regressor__min_samples_leaf': 5, 'regressor__max_leaf_nodes': 5, 'regressor__max_bins': 50, 'regressor__learning_rate': 0.021544346900318832}",0.8521588346791712,0.8799446336424259,0.9134917527459174,0.8818650736891716,0.025075855281198416,30
0.8920401732126871,0.3850517058183931,0.012903769810994467,0.0008442514739236433,2,6,255,0.046415888336127774,"{'regressor__min_samples_leaf': 2, 'regressor__max_leaf_nodes': 6, 'regressor__max_bins': 255, 'regressor__learning_rate': 0.046415888336127774}",0.8681005545259629,0.8913950330176769,0.8857738507948688,0.8817564794461695,0.009925141022180102,31
14.668819745381674,0.047940505755327975,0.022550344467163086,0.0001613969929581364,5,4,100,0.01,"{'regressor__min_samples_leaf': 5, 'regressor__max_leaf_nodes': 4, 'regressor__max_bins': 100, 'regressor__learning_rate': 0.01}",0.8654649489417193,0.8757294476719345,0.9029238902114705,0.8813727622750415,0.015804605236974363,32
0.5180613994598389,0.4252650856886126,0.01195677121480306,0.0010340131468275868,10,6,5,0.1,"{'regressor__min_samples_leaf': 10, 'regressor__max_leaf_nodes': 6, 'regressor__max_bins': 5, 'regressor__learning_rate': 0.1}",0.8652588901450412,0.8753686813427318,0.9021823955520321,0.8809366556799351,0.015579646263631614,33
0.9814580281575521,0.3961233299391135,0.01327053705851237,0.0007062370511638619,1,5,50,0.046415888336127774,"{'regressor__min_samples_leaf': 1, 'regressor__max_leaf_nodes': 5, 'regressor__max_bins': 50, 'regressor__learning_rate': 0.046415888336127774}",0.8613126740133816,0.8749273966797505,0.9055843537567418,0.8806081414832914,0.018514832845890162,34
0.5367490450541178,0.33452020969858853,0.012004852294921875,0.0008810312908833153,10,6,255,0.1,"{'regressor__min_samples_leaf': 10, 'regressor__max_leaf_nodes': 6, 'regressor__max_bins': 255, 'regressor__learning_rate': 0.1}",0.8739025708183842,0.853099862873544,0.9122980320860052,0.8797668219259779,0.024520710842285725,35
6.058323860168457,3.3793669315962314,0.017756144205729168,0.0020153251421963832,20,5,5,0.021544346900318832,"{'regressor__min_samples_leaf': 20, 'regressor__max_leaf_nodes': 5, 'regressor__max_bins': 5, 'regressor__learning_rate': 0.021544346900318832}",0.8710756443166844,0.865218053016582,0.9024713362281279,0.8795883445204647,0.016356473256369478,36
0.25713054339090985,0.030263133111333877,0.01182866096496582,9.477031055376974e-05,20,3,50,0.21544346900318823,"{'regressor__min_samples_leaf': 20, 'regressor__max_leaf_nodes': 3, 'regressor__max_bins': 50, 'regressor__learning_rate': 0.21544346900318823}",0.8642840031860268,0.8751831079635303,0.8989170885037723,0.879461399884443,0.014458918492911104,37
0.24941309293111166,0.07900935850750229,0.011289358139038086,0.00034326982310904224,20,64,100,0.21544346900318823,"{'regressor__min_samples_leaf': 20, 'regressor__max_leaf_nodes': 64, 'regressor__max_bins': 100, 'regressor__learning_rate': 0.21544346900318823}",0.8544013909666122,0.8806466945152587,0.9023515685609317,0.8791332180142675,0.019604809633879554,38
0.2560078303019206,0.06393741616692546,0.010889768600463867,0.0001687054762573496,5,32,100,0.21544346900318823,"{'regressor__min_samples_leaf': 5, 'regressor__max_leaf_nodes': 32, 'regressor__max_bins': 100, 'regressor__learning_rate': 0.21544346900318823}",0.8727428201704617,0.8546315033343035,0.9091457935245039,0.8788400390097563,0.022669127566156747,39
16.073885440826416,0.1697184852750643,0.02435437838236491,0.0003764137512824415,20,8,10,0.004641588833612777,"{'regressor__min_samples_leaf': 20, 'regressor__max_leaf_nodes': 8, 'regressor__max_bins': 10, 'regressor__learning_rate': 0.004641588833612777}",0.8603058146590278,0.8734702910311639,0.9026444268585014,0.8788068441828978,0.017691780019740144,40
4.075457334518433,2.6353924645250237,0.016999006271362305,0.0032184562329942994,50,16,255,0.021544346900318832,"{'regressor__min_samples_leaf': 50, 'regressor__max_leaf_nodes': 16, 'regressor__max_bins': 255, 'regressor__learning_rate': 0.021544346900318832}",0.8491628061381772,0.8804195062810585,0.9063559620105991,0.8786460914766115,0.02338265767206201,41
0.12421401341756184,0.03688460222902173,0.010893583297729492,0.00021017982729742727,50,6,10,0.21544346900318823,"{'regressor__min_samples_leaf': 50, 'regressor__max_leaf_nodes': 6, 'regressor__max_bins': 10, 'regressor__learning_rate': 0.21544346900318823}",0.8546250467210955,0.8790972924823697,0.9021378166041477,0.8786200519358709,0.01939994234346045,42
0.21766169865926108,0.05281708115383403,0.011416355768839518,0.0002825699296813421,1,6,255,0.21544346900318823,"{'regressor__min_samples_leaf': 1, 'regressor__max_leaf_nodes': 6, 'regressor__max_bins': 255, 'regressor__learning_rate': 0.21544346900318823}",0.8472458566790092,0.8771910153149679,0.9110868464884236,0.8785079061608002,0.026079604369268046,43
1.8788861433664958,0.44488143900021904,0.014878114064534506,0.0005809517467495581,100,32,255,0.046415888336127774,"{'regressor__min_samples_leaf': 100, 'regressor__max_leaf_nodes': 32, 'regressor__max_bins': 255, 'regressor__learning_rate': 0.046415888336127774}",0.8620465000426399,0.8769004357883479,0.8965677658713785,0.8785049005674553,0.014138839627662905,44
13.540827433268229,7.843850515054282,0.02341739336649577,0.005488865991059626,100,64,255,0.021544346900318832,"{'regressor__min_samples_leaf': 100, 'regressor__max_leaf_nodes': 64, 'regressor__max_bins': 255, 'regressor__learning_rate': 0.021544346900318832}",0.8651282336286261,0.888102238699784,0.8813326571892236,0.8781877098392111,0.00963913023836208,45
0.5968975226084391,0.22657766606432378,0.012478510538736979,0.0005329050933138461,20,3,100,0.1,"{'regressor__min_samples_leaf': 20, 'regressor__max_leaf_nodes': 3, 'regressor__max_bins': 100, 'regressor__learning_rate': 0.1}",0.8627162881410136,0.8595284154346853,0.9104991346583833,0.8775812794113608,0.023312793750011825,46
8.934496641159058,4.014114576975063,0.01936785380045573,0.0022376464550802394,2,4,30,0.021544346900318832,"{'regressor__min_samples_leaf': 2, 'regressor__max_leaf_nodes': 4, 'regressor__max_bins': 30, 'regressor__learning_rate': 0.021544346900318832}",0.8553486965394196,0.8665943053822766,0.9104920397353579,0.877478347219018,0.023791368879409632,47
12.729054927825928,3.1873150529979903,0.024121443430582683,0.0019229260194909264,100,32,30,0.021544346900318832,"{'regressor__min_samples_leaf': 100, 'regressor__max_leaf_nodes': 32, 'regressor__max_bins': 30, 'regressor__learning_rate': 0.021544346900318832}",0.8599115615478504,0.879040531273021,0.892770676469855,0.8772409230969087,0.01347489766331017,48
4.199652512868245,2.4955449591795227,0.017410675684611004,0.0026283078549810394,5,16,255,0.01,"{'regressor__min_samples_leaf': 5, 'regressor__max_leaf_nodes': 16, 'regressor__max_bins': 255, 'regressor__learning_rate': 0.01}",0.8568740972898105,0.8547757104017369,0.9198841409241305,0.8771779828718925,0.03020996257936611,49
21.38813813527425,5.64174416940272,0.030099868774414062,0.0032036273334127775,10,64,30,0.004641588833612777,"{'regressor__min_samples_leaf': 10, 'regressor__max_leaf_nodes': 64, 'regressor__max_bins': 30, 'regressor__learning_rate': 0.004641588833612777}",0.861389077409206,0.8845503817010688,0.8833805954141563,0.8764400181748103,0.010653331667810477,50
12.048879146575928,4.340159244296402,0.02149375279744466,0.002310799659205067,1,5,10,0.01,"{'regressor__min_samples_leaf': 1, 'regressor__max_leaf_nodes': 5, 'regressor__max_bins': 10, 'regressor__learning_rate': 0.01}",0.8658228980452803,0.8578749416908392,0.9028160180078675,0.8755046192479957,0.019582762474832646,51
0.3707818190256755,0.13306327625425807,0.011868635813395182,0.0005873018414410508,10,4,50,0.1,"{'regressor__min_samples_leaf': 10, 'regressor__max_leaf_nodes': 4, 'regressor__max_bins': 50, 'regressor__learning_rate': 0.1}",0.8620419868810675,0.8670609555159519,0.8969722720518507,0.87535840481629,0.015420050890465553,52
0.28130515416463214,0.06741289052344807,0.011693874994913736,0.00029110510381915916,100,32,10,0.21544346900318823,"{'regressor__min_samples_leaf': 100, 'regressor__max_leaf_nodes': 32, 'regressor__max_bins': 10, 'regressor__learning_rate': 0.21544346900318823}",0.8568472278626107,0.8794096393778595,0.8892597736798958,0.875172213640122,0.013567365606521466,53
1.7007382710774739,0.26702390069625964,0.014170328776041666,0.0004847343997451912,2,64,10,0.046415888336127774,"{'regressor__min_samples_leaf': 2, 'regressor__max_leaf_nodes': 64, 'regressor__max_bins': 10, 'regressor__learning_rate': 0.046415888336127774}",0.8545498002609051,0.8793340949694163,0.8914260853747568,0.8751033268683593,0.0153490423152545,54
1.448184649149577,0.25483170848672326,0.013840993245442709,0.0005362981792379926,5,64,30,0.046415888336127774,"{'regressor__min_samples_leaf': 5, 'regressor__max_leaf_nodes': 64, 'regressor__max_bins': 30, 'regressor__learning_rate': 0.046415888336127774}",0.8470999411063703,0.8763228152816798,0.90188320660664,0.8751019876648968,0.022381828340131714,55
18.35753830273946,0.20773362372354204,0.026987155278523762,0.0003654892447327046,50,16,30,0.004641588833612777,"{'regressor__min_samples_leaf': 50, 'regressor__max_leaf_nodes': 16, 'regressor__max_bins': 30, 'regressor__learning_rate': 0.004641588833612777}",0.8597104611513194,0.872668084593743,0.891253432847574,0.8745439928642121,0.012945502172237002,56
0.13440958658854166,0.04735279695641465,0.010912259419759115,0.00016817264591581944,20,16,255,0.46415888336127775,"{'regressor__min_samples_leaf': 20, 'regressor__max_leaf_nodes': 16, 'regressor__max_bins': 255, 'regressor__learning_rate': 0.46415888336127775}",0.8613172856811382,0.8628391700188209,0.8986856294337722,0.8742806950445772,0.017268075551722765,57
14.941492080688477,2.635246815247925,0.024036725362141926,0.001251586671995352,100,8,100,0.01,"{'regressor__min_samples_leaf': 100, 'regressor__max_leaf_nodes': 8, 'regressor__max_bins': 100, 'regressor__learning_rate': 0.01}",0.8625832794418724,0.8760625546588985,0.8839971819014943,0.8742143386674218,0.008839333738124285,58
0.11125572522481282,0.04107819031303513,0.011069774627685547,0.00028186931690242446,50,4,50,0.21544346900318823,"{'regressor__min_samples_leaf': 50, 'regressor__max_leaf_nodes': 4, 'regressor__max_bins': 50, 'regressor__learning_rate': 0.21544346900318823}",0.8499592378275775,0.8686073024062293,0.9007637052607961,0.8731100818315344,0.020983799222383494,59
0.13182870546976724,0.053478406188249235,0.010894219080607096,0.0002002989785597791,5,6,30,0.46415888336127775,"{'regressor__min_samples_leaf': 5, 'regressor__max_leaf_nodes': 6, 'regressor__max_bins': 30, 'regressor__learning_rate': 0.46415888336127775}",0.8549354503964417,0.8612564761023627,0.8982783572762494,0.8714900945916847,0.01911713201531833,60
0.15555032094319662,0.03879241110497778,0.011354923248291016,0.00021327506969842693,10,3,100,0.21544346900318823,"{'regressor__min_samples_leaf': 10, 'regressor__max_leaf_nodes': 3, 'regressor__max_bins': 100, 'regressor__learning_rate': 0.21544346900318823}",0.8589370788089132,0.8667971735418423,0.8872193965048784,0.8709845496185445,0.01191981438249438,61
2.1571149826049805,1.3121099604122557,0.01462539037068685,0.001428651664775075,10,6,10,0.021544346900318832,"{'regressor__min_samples_leaf': 10, 'regressor__max_leaf_nodes': 6, 'regressor__max_bins': 10, 'regressor__learning_rate': 0.021544346900318832}",0.8674344584475316,0.8362763837063014,0.9087299157699449,0.8708135859745926,0.02967538210096554,62
0.11601670583089192,0.03139592032103834,0.011099020640055338,9.702363608998199e-05,50,6,50,0.46415888336127775,"{'regressor__min_samples_leaf': 50, 'regressor__max_leaf_nodes': 6, 'regressor__max_bins': 50, 'regressor__learning_rate': 0.46415888336127775}",0.8501748505113109,0.8705435191535095,0.8916814476821138,0.8707999391156447,0.016945967378161307,63
0.11442502339680989,0.02228112436312087,0.010810375213623047,0.0001452336450188278,10,8,10,0.46415888336127775,"{'regressor__min_samples_leaf': 10, 'regressor__max_leaf_nodes': 8, 'regressor__max_bins': 10, 'regressor__learning_rate': 0.46415888336127775}",0.8585941687342638,0.8599353196127272,0.8926205203857661,0.8703833362442523,0.01573359336636939,64
0.19704405466715494,0.14974182286439586,0.011341253916422525,0.0005173974802926069,2,6,255,0.46415888336127775,"{'regressor__min_samples_leaf': 2, 'regressor__max_leaf_nodes': 6, 'regressor__max_bins': 255, 'regressor__learning_rate': 0.46415888336127775}",0.8742451324663056,0.8420673455194249,0.889024720253409,0.8684457327463798,0.019603971337640726,65
5.391863584518433,3.174857254419854,0.01762986183166504,0.002173699995313667,100,5,50,0.021544346900318832,"{'regressor__min_samples_leaf': 100, 'regressor__max_leaf_nodes': 5, 'regressor__max_bins': 50, 'regressor__learning_rate': 0.021544346900318832}",0.8558186704707974,0.8732707250586244,0.8758141002404037,0.8683011652566085,0.008887320420583236,66
12.594269355138143,1.2185328256680574,0.021481831868489582,0.0005226927867898837,10,3,30,0.01,"{'regressor__min_samples_leaf': 10, 'regressor__max_leaf_nodes': 3, 'regressor__max_bins': 30, 'regressor__learning_rate': 0.01}",0.8509568612560109,0.8590122980104107,0.8943585189922201,0.8681092260862139,0.01885013791063634,67
0.10538919766743977,0.02565661703986156,0.012558619181315104,0.0011939338191899536,20,4,50,0.21544346900318823,"{'regressor__min_samples_leaf': 20, 'regressor__max_leaf_nodes': 4, 'regressor__max_bins': 50, 'regressor__learning_rate': 0.21544346900318823}",0.8636505428295419,0.8666622554338402,0.8733057797502698,0.867872859337884,0.004033614702985503,68
12.315904140472412,3.427185616240231,0.021388928095499676,0.0018501688247051318,2,4,10,0.01,"{'regressor__min_samples_leaf': 2, 'regressor__max_leaf_nodes': 4, 'regressor__max_bins': 10, 'regressor__learning_rate': 0.01}",0.8447244517230651,0.856045325321795,0.9028195794503928,0.867863118831751,0.02514632045974916,69
0.15536983807881674,0.019835855166825428,0.0110777219136556,0.00016633990385384823,100,32,10,0.46415888336127775,"{'regressor__min_samples_leaf': 100, 'regressor__max_leaf_nodes': 32, 'regressor__max_bins': 10, 'regressor__learning_rate': 0.46415888336127775}",0.8478818120177032,0.8623878654490253,0.8908879368314545,0.8670525380993944,0.017864323311660678,70
11.824241161346436,2.251878659810848,0.020848910013834637,0.000873922368496351,5,3,50,0.01,"{'regressor__min_samples_leaf': 5, 'regressor__max_leaf_nodes': 3, 'regressor__max_bins': 50, 'regressor__learning_rate': 0.01}",0.8455400594957247,0.8606092666347404,0.8926680876759835,0.8662724712688162,0.01965225474910159,71
0.10268799463907878,0.026105098337379787,0.010886669158935547,9.929287058831987e-05,50,5,50,0.46415888336127775,"{'regressor__min_samples_leaf': 50, 'regressor__max_leaf_nodes': 5, 'regressor__max_bins': 50, 'regressor__learning_rate': 0.46415888336127775}",0.8397416275937215,0.8746983508537038,0.881378069162157,0.8652726825365274,0.01825797969910696,72
14.073672533035278,1.1742641489106531,0.023179292678833008,0.000567944983794755,100,6,10,0.01,"{'regressor__min_samples_leaf': 100, 'regressor__max_leaf_nodes': 6, 'regressor__max_bins': 10, 'regressor__learning_rate': 0.01}",0.8507531184801572,0.8600162780784331,0.8833827470409086,0.8647173811998329,0.013729492414061953,73
13.569061835606893,7.657651110876688,0.023497263590494793,0.0050938453223691215,100,64,255,0.01,"{'regressor__min_samples_leaf': 100, 'regressor__max_leaf_nodes': 64, 'regressor__max_bins': 255, 'regressor__learning_rate': 0.01}",0.8637712929441178,0.838454649004224,0.8907830783759086,0.8643363401080836,0.021366727855086243,74
12.76776154836019,3.3989688150383954,0.021825393040974934,0.0015797371849173355,100,5,5,0.01,"{'regressor__min_samples_leaf': 100, 'regressor__max_leaf_nodes': 5, 'regressor__max_bins': 5, 'regressor__learning_rate': 0.01}",0.8525202324420854,0.8579267423099557,0.8815717898146269,0.864006254855556,0.012615297619335063,75
0.08961288134256999,0.0026426569723748306,0.01085821787516276,0.00013649823995180585,50,8,5,0.46415888336127775,"{'regressor__min_samples_leaf': 50, 'regressor__max_leaf_nodes': 8, 'regressor__max_bins': 5, 'regressor__learning_rate': 0.46415888336127775}",0.8447438799277048,0.8448753187678386,0.8974570400950551,0.8623587462635328,0.02481829958525334,76
0.1466050148010254,0.02525865227831801,0.01139052708943685,0.0003126952957532309,100,16,10,0.46415888336127775,"{'regressor__min_samples_leaf': 100, 'regressor__max_leaf_nodes': 16, 'regressor__max_bins': 10, 'regressor__learning_rate': 0.46415888336127775}",0.8450928415671494,0.8646895520368837,0.8762219264536685,0.8620014400192338,0.012849758522571628,77
0.2188586393992106,0.08464866222131259,0.011558930079142252,0.0004586266841987693,50,64,30,0.46415888336127775,"{'regressor__min_samples_leaf': 50, 'regressor__max_leaf_nodes': 64, 'regressor__max_bins': 30, 'regressor__learning_rate': 0.46415888336127775}",0.8462944068124416,0.8669262684415197,0.871055106433353,0.8614252605624381,0.010831093425674647,78
25.182440360387165,0.29042093388128815,0.030189037322998047,0.00030729426506276465,10,64,50,0.0021544346900318843,"{'regressor__min_samples_leaf': 10, 'regressor__max_leaf_nodes': 64, 'regressor__max_bins': 50, 'regressor__learning_rate': 0.0021544346900318843}",0.8401543522381081,0.8623916242747494,0.8812602189320199,0.8612687318149591,0.016800173308066445,79
0.33631571133931476,0.08512489794999205,0.011903603871663412,0.0004119439479988566,50,8,3,0.1,"{'regressor__min_samples_leaf': 50, 'regressor__max_leaf_nodes': 8, 'regressor__max_bins': 3, 'regressor__learning_rate': 0.1}",0.8375455929448484,0.8618470185867524,0.8832854779240896,0.8608926964852301,0.018685418869333097,80
14.74044926961263,5.730883599906755,0.02487071355183919,0.00339614118668444,50,64,5,0.004641588833612777,"{'regressor__min_samples_leaf': 50, 'regressor__max_leaf_nodes': 64, 'regressor__max_bins': 5, 'regressor__learning_rate': 0.004641588833612777}",0.8514470198531687,0.8649483992869971,0.8653458359693149,0.8605804183698269,0.0064603258600570744,81
0.11199760437011719,0.023054438595818388,0.010796626408894857,0.0001245151285207692,10,32,50,0.46415888336127775,"{'regressor__min_samples_leaf': 10, 'regressor__max_leaf_nodes': 32, 'regressor__max_bins': 50, 'regressor__learning_rate': 0.46415888336127775}",0.8461524260635127,0.8576948804094643,0.8762702919839247,0.8600391994856338,0.012406808234410333,82
15.325939973195394,0.13438536982937904,0.023510138193766277,0.0004733402990029883,2,5,255,0.004641588833612777,"{'regressor__min_samples_leaf': 2, 'regressor__max_leaf_nodes': 5, 'regressor__max_bins': 255, 'regressor__learning_rate': 0.004641588833612777}",0.8379102800166839,0.8674891475358817,0.8743839448685449,0.859927790807037,0.01582113867830222,83
0.1319131851196289,0.07384911369485718,0.010971864064534506,0.0003646510822249502,50,3,10,0.46415888336127775,"{'regressor__min_samples_leaf': 50, 'regressor__max_leaf_nodes': 3, 'regressor__max_bins': 10, 'regressor__learning_rate': 0.46415888336127775}",0.8326530879134668,0.8608157542135786,0.8847384541812885,0.8594024321027779,0.02128723333134898,84
0.10512892405192058,0.00896193017730157,0.010825713475545248,5.4878527261048236e-05,100,16,30,0.46415888336127775,"{'regressor__min_samples_leaf': 100, 'regressor__max_leaf_nodes': 16, 'regressor__max_bins': 30, 'regressor__learning_rate': 0.46415888336127775}",0.8445207045699556,0.8533035572605983,0.8800433471386976,0.8592892029897504,0.015107073395440472,85
14.292283455530802,0.1478073141208941,0.02266836166381836,0.0008026055424780685,1,3,50,0.01,"{'regressor__min_samples_leaf': 1, 'regressor__max_leaf_nodes': 3, 'regressor__max_bins': 50, 'regressor__learning_rate': 0.01}",0.8430268640274503,0.848430661837762,0.884886903894092,0.8587814765864348,0.01859068330966193,86
0.5085674126942953,0.10272745671820037,0.012231111526489258,0.0002636497717192536,2,3,10,0.21544346900318823,"{'regressor__min_samples_leaf': 2, 'regressor__max_leaf_nodes': 3, 'regressor__max_bins': 10, 'regressor__learning_rate': 0.21544346900318823}",0.8418775910448518,0.8330370396420613,0.8989864177573438,0.8579670161480856,0.02922877940845919,87
0.33054184913635254,0.0880649163710073,0.011614322662353516,0.00039596624801556694,20,2,255,0.21544346900318823,"{'regressor__min_samples_leaf': 20, 'regressor__max_leaf_nodes': 2, 'regressor__max_bins': 255, 'regressor__learning_rate': 0.21544346900318823}",0.8463434551739547,0.851180665286218,0.8751185704110074,0.8575475636237266,0.012580536820993056,88
0.11778346697489421,0.03961440113685343,0.010849316914876303,0.0001757385199234214,10,16,5,0.46415888336127775,"{'regressor__min_samples_leaf': 10, 'regressor__max_leaf_nodes': 16, 'regressor__max_bins': 5, 'regressor__learning_rate': 0.46415888336127775}",0.8371156819287078,0.8594282780462232,0.8760195761593595,0.8575211787114302,0.01593959467242943,89
13.55816904703776,1.087916813675707,0.02176690101623535,0.0005732776593655994,5,3,5,0.01,"{'regressor__min_samples_leaf': 5, 'regressor__max_leaf_nodes': 3, 'regressor__max_bins': 5, 'regressor__learning_rate': 0.01}",0.8476945944800951,0.8363312842067718,0.8828382606138889,0.8556213797669185,0.019796466980593414,90
14.85381849606832,0.10946237756020039,0.02280712127685547,0.00022958863256973295,5,5,5,0.004641588833612777,"{'regressor__min_samples_leaf': 5, 'regressor__max_leaf_nodes': 5, 'regressor__max_bins': 5, 'regressor__learning_rate': 0.004641588833612777}",0.8421169132736321,0.8454208720820734,0.8767048079573648,0.8547475311043568,0.015584619363370224,91
6.151625871658325,2.7302566101755104,0.017972151438395183,0.001634457469935201,100,3,5,0.021544346900318832,"{'regressor__min_samples_leaf': 100, 'regressor__max_leaf_nodes': 3, 'regressor__max_bins': 5, 'regressor__learning_rate': 0.021544346900318832}",0.83843777229612,0.8479511168824607,0.8777749151957455,0.8547212681247753,0.016757663197459822,92
8.156745592753092,4.2372071261421045,0.018545150756835938,0.0022967890443456934,100,2,50,0.046415888336127774,"{'regressor__min_samples_leaf': 100, 'regressor__max_leaf_nodes': 2, 'regressor__max_bins': 50, 'regressor__learning_rate': 0.046415888336127774}",0.8321169436915838,0.8541307154819641,0.8740481931600007,0.8534319507778495,0.017125490252436367,93
0.11751619974772136,0.030307615721520246,0.010831117630004883,0.0002071127069585698,20,5,3,0.21544346900318823,"{'regressor__min_samples_leaf': 20, 'regressor__max_leaf_nodes': 5, 'regressor__max_bins': 3, 'regressor__learning_rate': 0.21544346900318823}",0.8348448041913408,0.8456906780022209,0.878419535936901,0.8529850060434875,0.01852196404010819,94
4.8264351685841875,2.916447662409126,0.016395171483357746,0.002689292880440565,10,3,5,0.021544346900318832,"{'regressor__min_samples_leaf': 10, 'regressor__max_leaf_nodes': 3, 'regressor__max_bins': 5, 'regressor__learning_rate': 0.021544346900318832}",0.8107761135633946,0.8547624098625393,0.8917598981700136,0.8524328071986491,0.03310250371932124,95
14.368356704711914,0.010279050364128257,0.02274465560913086,0.000779234959757742,50,4,5,0.004641588833612777,"{'regressor__min_samples_leaf': 50, 'regressor__max_leaf_nodes': 4, 'regressor__max_bins': 5, 'regressor__learning_rate': 0.004641588833612777}",0.8388390252873975,0.8462020721229782,0.8715721825683039,0.85220442665956,0.014021081541290044,96
0.4720049699147542,0.351389381155608,0.012125651041666666,0.000853982565124083,2,3,10,0.1,"{'regressor__min_samples_leaf': 2, 'regressor__max_leaf_nodes': 3, 'regressor__max_bins': 10, 'regressor__learning_rate': 0.1}",0.8340656705599236,0.8225187713995087,0.896870761160106,0.8511517343731794,0.03267011659823065,97
12.014269590377808,2.595624996193251,0.02074281374613444,0.0013144383977068176,10,2,10,0.021544346900318832,"{'regressor__min_samples_leaf': 10, 'regressor__max_leaf_nodes': 2, 'regressor__max_bins': 10, 'regressor__learning_rate': 0.021544346900318832}",0.8378711377779254,0.8425293138348842,0.8716619319716568,0.8506874611948221,0.014952613357328177,98
3.4435460567474365,1.4894414392968527,0.016847848892211914,0.0022086185150033627,100,6,3,0.046415888336127774,"{'regressor__min_samples_leaf': 100, 'regressor__max_leaf_nodes': 6, 'regressor__max_bins': 3, 'regressor__learning_rate': 0.046415888336127774}",0.8419698753735436,0.8457498586242826,0.8638756441469326,0.8505317927149196,0.00956088721907102,99
13.20586601893107,1.5619593500324525,0.021599690119425457,0.0007357117390767778,1,4,50,0.004641588833612777,"{'regressor__min_samples_leaf': 1, 'regressor__max_leaf_nodes': 4, 'regressor__max_bins': 50, 'regressor__learning_rate': 0.004641588833612777}",0.8364713458269304,0.8483882568317491,0.865584878948666,0.8501481605357819,0.011950520169800138,100
0.22719947497049967,0.22110013900588074,0.011384725570678711,0.0006810146993264253,5,3,50,0.46415888336127775,"{'regressor__min_samples_leaf': 5, 'regressor__max_leaf_nodes': 3, 'regressor__max_bins': 50, 'regressor__learning_rate': 0.46415888336127775}",0.8446424664591626,0.8066043594314434,0.898693411798812,0.8499800792298061,0.03778417635330953,101
21.29635763168335,0.4178813628948267,0.02724448839823405,0.0004958267451701839,1,32,100,0.0021544346900318843,"{'regressor__min_samples_leaf': 1, 'regressor__max_leaf_nodes': 32, 'regressor__max_bins': 100, 'regressor__learning_rate': 0.0021544346900318843}",0.8510217052442686,0.8297649075013899,0.8687316817463313,0.84983943149733,0.01593007014367447,102
0.14204851786295572,0.04498888351298398,0.011272350947062174,0.00020896499488788094,50,6,3,0.46415888336127775,"{'regressor__min_samples_leaf': 50, 'regressor__max_leaf_nodes': 6, 'regressor__max_bins': 3, 'regressor__learning_rate': 0.46415888336127775}",0.8385610431910973,0.8473852492478804,0.8620043403593439,0.8493168775994405,0.00966765868229717,103
0.13051875432332358,0.02060168936185928,0.010871807734171549,0.0001069707643751404,1,6,5,0.46415888336127775,"{'regressor__min_samples_leaf': 1, 'regressor__max_leaf_nodes': 6, 'regressor__max_bins': 5, 'regressor__learning_rate': 0.46415888336127775}",0.8413053796724927,0.8256146864339143,0.8806028493030936,0.8491743051365003,0.02312811427534933,104
0.13732989629109701,0.012979285744216232,0.010877688725789389,0.00011187164993003157,20,8,3,0.46415888336127775,"{'regressor__min_samples_leaf': 20, 'regressor__max_leaf_nodes': 8, 'regressor__max_bins': 3, 'regressor__learning_rate': 0.46415888336127775}",0.8267936775079187,0.8437625482028269,0.8764088537813041,0.8489883598306832,0.020589613231548815,105
17.90047017733256,0.18066331907927977,0.02516484260559082,0.00016912074762419785,20,16,100,0.0021544346900318843,"{'regressor__min_samples_leaf': 20, 'regressor__max_leaf_nodes': 16, 'regressor__max_bins': 100, 'regressor__learning_rate': 0.0021544346900318843}",0.8355686606860291,0.8461153811294102,0.8627694297686458,0.848151157194695,0.011197581519014097,106
4.607211748758952,4.091809267022667,0.01649188995361328,0.0033393212764639465,100,5,3,0.046415888336127774,"{'regressor__min_samples_leaf': 100, 'regressor__max_leaf_nodes': 5, 'regressor__max_bins': 3, 'regressor__learning_rate': 0.046415888336127774}",0.836649199326579,0.8461295378459008,0.8607157416141844,0.8478314929288882,0.009898555542726235,107
16.180718501408894,1.547030088796242,0.025098482767740887,0.0007074165529515672,100,16,50,0.004641588833612777,"{'regressor__min_samples_leaf': 100, 'regressor__max_leaf_nodes': 16, 'regressor__max_bins': 50, 'regressor__learning_rate': 0.004641588833612777}",0.8385873970419753,0.8456482931386162,0.857916199244299,0.8473839631416302,0.007985823331114543,108
0.13387107849121094,0.06291177014539821,0.0110627810160319,0.0005113465982095991,100,3,5,0.21544346900318823,"{'regressor__min_samples_leaf': 100, 'regressor__max_leaf_nodes': 3, 'regressor__max_bins': 5, 'regressor__learning_rate': 0.21544346900318823}",0.8447464005335341,0.8389256068876464,0.8580054046330089,0.8472258040180631,0.007984161476753251,109
0.11189150810241699,0.02141022865338321,0.010728756586710611,0.00027484649569905616,2,5,10,0.46415888336127775,"{'regressor__min_samples_leaf': 2, 'regressor__max_leaf_nodes': 5, 'regressor__max_bins': 10, 'regressor__learning_rate': 0.46415888336127775}",0.8310832259247123,0.8418605745895389,0.867481829176676,0.8468085432303091,0.01526600526062184,110
14.251924355824789,3.5012817379291894,0.024457295735677082,0.0018286123035779432,50,64,3,0.004641588833612777,"{'regressor__min_samples_leaf': 50, 'regressor__max_leaf_nodes': 64, 'regressor__max_bins': 3, 'regressor__learning_rate': 0.004641588833612777}",0.8228226968772736,0.8451910333570597,0.8716008212080556,0.8465381838141296,0.01993635647208042,111
0.23899483680725098,0.07236828772891962,0.01139529546101888,0.00023405535706037627,20,2,50,1.0,"{'regressor__min_samples_leaf': 20, 'regressor__max_leaf_nodes': 2, 'regressor__max_bins': 50, 'regressor__learning_rate': 1.0}",0.8436411563547852,0.8409366796017508,0.8547625605415203,0.8464467988326855,0.005982890506854769,112
11.35166311264038,3.0156216139919434,0.02087259292602539,0.001593913217748449,50,4,3,0.01,"{'regressor__min_samples_leaf': 50, 'regressor__max_leaf_nodes': 4, 'regressor__max_bins': 3, 'regressor__learning_rate': 0.01}",0.8334396390832259,0.8358406262469662,0.8669627178352037,0.8454143277217986,0.015268508379444113,113
0.12232645352681477,0.025372928280232094,0.011030197143554688,0.00019761616526492464,10,3,3,0.46415888336127775,"{'regressor__min_samples_leaf': 10, 'regressor__max_leaf_nodes': 3, 'regressor__max_bins': 3, 'regressor__learning_rate': 0.46415888336127775}",0.8403370108037118,0.8367951817057839,0.8590286729558063,0.8453869551551007,0.009753921835354187,114
15.403244574864706,0.1149026784580477,0.023288249969482422,0.00022533578854876422,100,5,100,0.004641588833612777,"{'regressor__min_samples_leaf': 100, 'regressor__max_leaf_nodes': 5, 'regressor__max_bins': 100, 'regressor__learning_rate': 0.004641588833612777}",0.8309813139525365,0.8495983658630655,0.8531541224871205,0.8445779341009074,0.009723233717465744,115
0.31550319989522296,0.17036882968227435,0.011335372924804688,0.0006279511787954438,5,2,50,0.21544346900318823,"{'regressor__min_samples_leaf': 5, 'regressor__max_leaf_nodes': 2, 'regressor__max_bins': 50, 'regressor__learning_rate': 0.21544346900318823}",0.847919547875562,0.847660906427433,0.8341846638666315,0.8432550393898754,0.006414593151513744,116
0.21545926729838052,0.0833946844251537,0.011380275090535482,0.00035649657572580767,100,4,3,0.21544346900318823,"{'regressor__min_samples_leaf': 100, 'regressor__max_leaf_nodes': 4, 'regressor__max_bins': 3, 'regressor__learning_rate': 0.21544346900318823}",0.8408026067752293,0.8225889351427284,0.8658029358610275,0.8430648259263284,0.017714413926442123,117
19.942978700002033,0.4558199227473879,0.02865910530090332,0.0012811641623057858,20,32,5,0.0021544346900318843,"{'regressor__min_samples_leaf': 20, 'regressor__max_leaf_nodes': 32, 'regressor__max_bins': 5, 'regressor__learning_rate': 0.0021544346900318843}",0.8249045291724737,0.8361985463394341,0.8667788549965512,0.8426273101694863,0.017689197157063418,118
0.25496411323547363,0.0945926321933264,0.011458396911621094,0.00045515028859451404,50,3,3,0.21544346900318823,"{'regressor__min_samples_leaf': 50, 'regressor__max_leaf_nodes': 3, 'regressor__max_bins': 3, 'regressor__learning_rate': 0.21544346900318823}",0.8178692403918645,0.8335583990955815,0.8751943714083342,0.8422073369652602,0.024188781920813696,119
15.525899569193522,0.029877057872411544,0.023720423380533855,0.00022886133212509535,100,6,30,0.004641588833612777,"{'regressor__min_samples_leaf': 100, 'regressor__max_leaf_nodes': 6, 'regressor__max_bins': 30, 'regressor__learning_rate': 0.004641588833612777}",0.8288408464547892,0.8438091077092852,0.8505341700838769,0.8410613747493171,0.009066884795178374,120
0.3280755678812663,0.2907010345407865,0.011768341064453125,0.0008468912747393484,100,8,3,0.21544346900318823,"{'regressor__min_samples_leaf': 100, 'regressor__max_leaf_nodes': 8, 'regressor__max_bins': 3, 'regressor__learning_rate': 0.21544346900318823}",0.8322714022540156,0.8324067866931427,0.8575926537150012,0.8407569475540532,0.011904770295695918,121
0.7494864463806152,0.24303662145165067,0.012453476587931315,0.0005939390544948466,2,6,3,0.046415888336127774,"{'regressor__min_samples_leaf': 2, 'regressor__max_leaf_nodes': 6, 'regressor__max_bins': 3, 'regressor__learning_rate': 0.046415888336127774}",0.8339025672533897,0.8191205815103786,0.8690938975341811,0.8407056820993164,0.020960993254278457,122
0.13556536038716635,0.03237785591024696,0.010952949523925781,0.00014560421273993062,2,32,3,0.46415888336127775,"{'regressor__min_samples_leaf': 2, 'regressor__max_leaf_nodes': 32, 'regressor__max_bins': 3, 'regressor__learning_rate': 0.46415888336127775}",0.8356736816634072,0.8377786459372475,0.8466938588048942,0.8400487288018498,0.00477675156122922,123
17.52990261713664,0.08852799757444244,0.028396765391031902,0.0023704578742325387,100,16,30,0.004641588833612777,"{'regressor__min_samples_leaf': 100, 'regressor__max_leaf_nodes': 16, 'regressor__max_bins': 30, 'regressor__learning_rate': 0.004641588833612777}",0.8260122237408596,0.8410871971980151,0.851432894256511,0.8395107717317952,0.010437638950907033,124
0.16660118103027344,0.01360420780011081,0.01112969716389974,0.00011037077908664191,2,4,3,0.21544346900318823,"{'regressor__min_samples_leaf': 2, 'regressor__max_leaf_nodes': 4, 'regressor__max_bins': 3, 'regressor__learning_rate': 0.21544346900318823}",0.8358489568120036,0.8132708190033229,0.8678931342805493,0.839004303365292,0.022410808262453653,125
8.834825992584229,5.6319057270145985,0.019366979598999023,0.003043851470339886,5,6,255,0.004641588833612777,"{'regressor__min_samples_leaf': 5, 'regressor__max_leaf_nodes': 6, 'regressor__max_bins': 255, 'regressor__learning_rate': 0.004641588833612777}",0.8601666433666615,0.7887365789502436,0.8679143564822899,0.838939192933065,0.03563924431168211,126
0.1670994758605957,0.08145120156014589,0.011105934778849283,0.00031517904155390876,50,2,100,1.0,"{'regressor__min_samples_leaf': 50, 'regressor__max_leaf_nodes': 2, 'regressor__max_bins': 100, 'regressor__learning_rate': 1.0}",0.8358282502874754,0.8276782286361708,0.852666482836636,0.8387243205867607,0.010404922853488445,127
15.874732653299967,0.2037549607394086,0.02414544423421224,0.0002454796356213474,100,8,10,0.004641588833612777,"{'regressor__min_samples_leaf': 100, 'regressor__max_leaf_nodes': 8, 'regressor__max_bins': 10, 'regressor__learning_rate': 0.004641588833612777}",0.8244600306106373,0.8355224025799829,0.8534333377884826,0.8378052569930343,0.011937942324338162,128
0.3339552084604899,0.2011386289005927,0.011556545893351236,0.0007899270683944112,2,2,50,0.46415888336127775,"{'regressor__min_samples_leaf': 2, 'regressor__max_leaf_nodes': 2, 'regressor__max_bins': 50, 'regressor__learning_rate': 0.46415888336127775}",0.8481458374504061,0.7887961432016982,0.8759729382452959,0.8376383062991334,0.036357067691528536,129
13.826589107513428,0.23168306278714493,0.021689971288045246,0.0002157968985239628,100,3,100,0.004641588833612777,"{'regressor__min_samples_leaf': 100, 'regressor__max_leaf_nodes': 3, 'regressor__max_bins': 100, 'regressor__learning_rate': 0.004641588833612777}",0.8151819941371057,0.8432067178879082,0.8529434053145911,0.8371107057798683,0.01600733303301557,130
20.12522053718567,0.4188892063060264,0.026597023010253906,0.0005845625857629646,50,32,255,0.0021544346900318843,"{'regressor__min_samples_leaf': 50, 'regressor__max_leaf_nodes': 32, 'regressor__max_bins': 255, 'regressor__learning_rate': 0.0021544346900318843}",0.8255365170254773,0.8343989199130821,0.8499944533195143,0.8366432967526913,0.010110245051083043,131
7.768087148666382,4.768837344310978,0.018306732177734375,0.0029748043795114923,20,2,255,0.021544346900318832,"{'regressor__min_samples_leaf': 20, 'regressor__max_leaf_nodes': 2, 'regressor__max_bins': 255, 'regressor__learning_rate': 0.021544346900318832}",0.8481706357652284,0.8409891867473114,0.8202597549190023,0.8364731924771807,0.011833567244325174,132
10.137544314066568,3.8244512727010793,0.02027583122253418,0.0021855500967694974,1,5,3,0.01,"{'regressor__min_samples_leaf': 1, 'regressor__max_leaf_nodes': 5, 'regressor__max_bins': 3, 'regressor__learning_rate': 0.01}",0.8280937577038363,0.8121763854449677,0.8688384703858529,0.8363695378448858,0.02386090764087098,133
0.11327322324117024,0.021870492542489347,0.010837395985921225,0.00018698303766645643,100,6,10,1.0,"{'regressor__min_samples_leaf': 100, 'regressor__max_leaf_nodes': 6, 'regressor__max_bins': 10, 'regressor__learning_rate': 1.0}",0.8136384950946733,0.8421611068772925,0.852075578640374,0.8359583935374465,0.01629330307124207,134
15.162778854370117,0.20206644901036425,0.023571173350016277,0.0011622444507761625,1,6,3,0.004641588833612777,"{'regressor__min_samples_leaf': 1, 'regressor__max_leaf_nodes': 6, 'regressor__max_bins': 3, 'regressor__learning_rate': 0.004641588833612777}",0.8271104966232815,0.8135812924386764,0.8658860355598405,0.8355259415405994,0.022166962250310698,135
20.377249240875244,0.3688418829094868,0.026778777440388996,0.0003802591393762506,50,64,255,0.0021544346900318843,"{'regressor__min_samples_leaf': 50, 'regressor__max_leaf_nodes': 64, 'regressor__max_bins': 255, 'regressor__learning_rate': 0.0021544346900318843}",0.8235268701767271,0.8329989099097949,0.8450027086146245,0.8338428295670487,0.00878775888925772,136
1.4667414824167888,0.8972695786922751,0.013724724451700846,0.00132712251204273,1,6,3,0.021544346900318832,"{'regressor__min_samples_leaf': 1, 'regressor__max_leaf_nodes': 6, 'regressor__max_bins': 3, 'regressor__learning_rate': 0.021544346900318832}",0.8342948662129901,0.8272704632371681,0.8380655143850029,0.833210281278387,0.004473293021281452,137
7.29964542388916,5.2593930935689475,0.018227259318033855,0.00317248884732721,5,4,3,0.01,"{'regressor__min_samples_leaf': 5, 'regressor__max_leaf_nodes': 4, 'regressor__max_bins': 3, 'regressor__learning_rate': 0.01}",0.8325345286891077,0.824382928977669,0.8412769535829904,0.832731470416589,0.006898362432457856,138
0.09293516476949056,0.048391060019019584,0.010800917943318685,0.00029501685006370036,5,6,3,0.46415888336127775,"{'regressor__min_samples_leaf': 5, 'regressor__max_leaf_nodes': 6, 'regressor__max_bins': 3, 'regressor__learning_rate': 0.46415888336127775}",0.8267052031840212,0.8400647708610046,0.8275873355522708,0.8314524365324322,0.006100479015023247,139
0.13640395800272623,0.034372180590463305,0.011225620905558268,0.0001495852343829484,1,6,100,0.46415888336127775,"{'regressor__min_samples_leaf': 1, 'regressor__max_leaf_nodes': 6, 'regressor__max_bins': 100, 'regressor__learning_rate': 0.46415888336127775}",0.8309989701980097,0.7660114749543844,0.897054815927201,0.8313550870265317,0.05349881255832469,140
17.064838488896687,0.19509985310302824,0.024531761805216473,0.0002462906876581603,5,16,3,0.0021544346900318843,"{'regressor__min_samples_leaf': 5, 'regressor__max_leaf_nodes': 16, 'regressor__max_bins': 3, 'regressor__learning_rate': 0.0021544346900318843}",0.8264724350867789,0.8242031021507646,0.8391830172808483,0.8299528515061306,0.0065921386598077145,141
0.08477425575256348,0.004599518152439945,0.01084462801615397,0.00019818826325242812,20,5,30,1.0,"{'regressor__min_samples_leaf': 20, 'regressor__max_leaf_nodes': 5, 'regressor__max_bins': 30, 'regressor__learning_rate': 1.0}",0.8308623403268645,0.8155051356470914,0.8406463085042182,0.829004594826058,0.010347561932400866,142
0.08451310793558757,0.022205077353914172,0.011160453160603842,0.000248097899396153,100,5,30,1.0,"{'regressor__min_samples_leaf': 100, 'regressor__max_leaf_nodes': 5, 'regressor__max_bins': 30, 'regressor__learning_rate': 1.0}",0.8027681218774254,0.827183183050297,0.8503373488615276,0.8267628845964167,0.019422329538600815,143
13.037432432174683,0.8146331671149624,0.0209347407023112,0.0004117443226444375,100,2,5,0.021544346900318832,"{'regressor__min_samples_leaf': 100, 'regressor__max_leaf_nodes': 2, 'regressor__max_bins': 5, 'regressor__learning_rate': 0.021544346900318832}",0.8129033558000153,0.8271782726874849,0.8399373990935726,0.826673009193691,0.011042383275304997,144
0.08388932545979817,0.006973200541427587,0.010349114735921225,5.7299986956989166e-05,50,8,5,1.0,"{'regressor__min_samples_leaf': 50, 'regressor__max_leaf_nodes': 8, 'regressor__max_bins': 5, 'regressor__learning_rate': 1.0}",0.8324333318638962,0.8065545836586075,0.8400301614438198,0.8263393589887745,0.014329595390088967,145
14.562113364537558,0.2549802746805682,0.022395849227905273,0.00035117305881169454,2,4,3,0.004641588833612777,"{'regressor__min_samples_leaf': 2, 'regressor__max_leaf_nodes': 4, 'regressor__max_bins': 3, 'regressor__learning_rate': 0.004641588833612777}",0.8143932736397439,0.8110879589557669,0.8507215904518816,0.8254009410157974,0.017955180165973052,146
0.08298333485921223,0.009273542524316912,0.010861635208129883,6.564641015537828e-05,2,4,10,1.0,"{'regressor__min_samples_leaf': 2, 'regressor__max_leaf_nodes': 4, 'regressor__max_bins': 10, 'regressor__learning_rate': 1.0}",0.8327910686915823,0.8418357883385728,0.7994029245740949,0.8246765938680833,0.018248662198630403,147
0.0806264082590739,0.020326215321026228,0.010789076487223307,0.00011907336645246157,50,6,100,1.0,"{'regressor__min_samples_leaf': 50, 'regressor__max_leaf_nodes': 6, 'regressor__max_bins': 100, 'regressor__learning_rate': 1.0}",0.8124356681344518,0.8331048676258693,0.8107095866098284,0.8187500407900498,0.010174826107348935,148
0.08080593744913737,0.00490912311202796,0.010646979014078775,0.00010915828000419133,10,4,5,1.0,"{'regressor__min_samples_leaf': 10, 'regressor__max_leaf_nodes': 4, 'regressor__max_bins': 5, 'regressor__learning_rate': 1.0}",0.8161987267069527,0.7742796683478401,0.8572566535637065,0.8159116828728331,0.03387582042795477,149
13.609590927759806,0.08419559132852017,0.02136381467183431,0.00024959258514549015,20,2,5,0.01,"{'regressor__min_samples_leaf': 20, 'regressor__max_leaf_nodes': 2, 'regressor__max_bins': 5, 'regressor__learning_rate': 0.01}",0.7980315231122032,0.8113469925080035,0.8280904944409585,0.8124896700203883,0.012298095333796385,150
1.153186321258545,0.47599696871407254,0.013360897699991861,0.0006929473843428912,5,2,3,0.1,"{'regressor__min_samples_leaf': 5, 'regressor__max_leaf_nodes': 2, 'regressor__max_bins': 3, 'regressor__learning_rate': 0.1}",0.7956187124944597,0.8082836635949923,0.8335517675944438,0.8124847145612986,0.01576844505588583,151
5.00602658589681,2.6313472159865885,0.018442074457804363,0.004179160569459713,2,2,3,0.046415888336127774,"{'regressor__min_samples_leaf': 2, 'regressor__max_leaf_nodes': 2, 'regressor__max_bins': 3, 'regressor__learning_rate': 0.046415888336127774}",0.8069931452390595,0.7953929153169126,0.8348662669592933,0.8124174425050885,0.016565096299014738,152
0.06135018666585287,0.004386216630724749,0.010737419128417969,0.00010744260367611717,50,6,255,1.0,"{'regressor__min_samples_leaf': 50, 'regressor__max_leaf_nodes': 6, 'regressor__max_bins': 255, 'regressor__learning_rate': 1.0}",0.8009844453745047,0.8077851581910404,0.8243240312013609,0.8110312115889687,0.009800908585056367,153
15.168915669123331,0.217753190981933,0.022678216298421223,0.00027251430163000224,2,6,255,0.0021544346900318843,"{'regressor__min_samples_leaf': 2, 'regressor__max_leaf_nodes': 6, 'regressor__max_bins': 255, 'regressor__learning_rate': 0.0021544346900318843}",0.8012520792239191,0.8067452929286026,0.8211901202092324,0.8097291641205847,0.008408685392725958,154
15.061980644861857,0.2065432025658063,0.022896607716878254,0.00029115697531191797,20,6,5,0.0021544346900318843,"{'regressor__min_samples_leaf': 20, 'regressor__max_leaf_nodes': 6, 'regressor__max_bins': 5, 'regressor__learning_rate': 0.0021544346900318843}",0.7944050045501682,0.8062636193425018,0.8271415330442938,0.8092700523123213,0.013532653197930518,155
17.390963633855183,0.0637974714038654,0.025097052256266277,0.00038072664352525984,50,16,3,0.0021544346900318843,"{'regressor__min_samples_leaf': 50, 'regressor__max_leaf_nodes': 16, 'regressor__max_bins': 3, 'regressor__learning_rate': 0.0021544346900318843}",0.7979884943847438,0.796780988424179,0.8330095983870971,0.8092596937320066,0.01680095227470981,156
13.930283625920614,0.05768905355401822,0.021942297617594402,8.437847258283483e-05,20,3,3,0.004641588833612777,"{'regressor__min_samples_leaf': 20, 'regressor__max_leaf_nodes': 3, 'regressor__max_bins': 3, 'regressor__learning_rate': 0.004641588833612777}",0.7925936425160792,0.8005977425422364,0.8316525020931926,0.8082812957171693,0.01684589702588702,157
0.09658567110697429,0.01991759848304685,0.011013507843017578,0.00018036771273035517,100,32,50,1.0,"{'regressor__min_samples_leaf': 100, 'regressor__max_leaf_nodes': 32, 'regressor__max_bins': 50, 'regressor__learning_rate': 1.0}",0.7878740693027305,0.811308788283073,0.8199925938877319,0.8063918171578451,0.013565455126019626,158
15.086817741394043,0.19734939034678223,0.022791624069213867,0.0002211918864473477,1,6,10,0.0021544346900318843,"{'regressor__min_samples_leaf': 1, 'regressor__max_leaf_nodes': 6, 'regressor__max_bins': 10, 'regressor__learning_rate': 0.0021544346900318843}",0.7960731722978819,0.803774951594939,0.8157624277407975,0.8052035172112061,0.008101328893627335,159
14.05321184794108,0.04602591992289013,0.02202320098876953,0.0002584310031222614,50,3,3,0.004641588833612777,"{'regressor__min_samples_leaf': 50, 'regressor__max_leaf_nodes': 3, 'regressor__max_bins': 3, 'regressor__learning_rate': 0.004641588833612777}",0.7883088740060012,0.804907003433051,0.8219168034965582,0.8050442269785368,0.013720722864500446,160
0.09369905789693196,0.0178692823396664,0.01085201899210612,0.00024857575888717273,100,8,3,1.0,"{'regressor__min_samples_leaf': 100, 'regressor__max_leaf_nodes': 8, 'regressor__max_bins': 3, 'regressor__learning_rate': 1.0}",0.7858908652160378,0.7997754932917708,0.8275785425356608,0.8044149670144898,0.01733222715817949,161
15.549676338831583,0.175134978929152,0.023604790369669598,0.0005492117547164634,2,8,3,0.0021544346900318843,"{'regressor__min_samples_leaf': 2, 'regressor__max_leaf_nodes': 8, 'regressor__max_bins': 3, 'regressor__learning_rate': 0.0021544346900318843}",0.7921008345340351,0.788533838576439,0.8233962406923839,0.801343637934286,0.01566139268701281,162
0.3885215123494466,0.17579335255153794,0.012019793192545572,0.000539999935349582,100,2,3,0.21544346900318823,"{'regressor__min_samples_leaf': 100, 'regressor__max_leaf_nodes': 2, 'regressor__max_bins': 3, 'regressor__learning_rate': 0.21544346900318823}",0.7948210349890503,0.793884755666382,0.8146629387541097,0.8011229098031807,0.009581873259320126,163
14.855193376541138,0.225108309023118,0.022528807322184246,0.00012397801774128548,50,5,30,0.0021544346900318843,"{'regressor__min_samples_leaf': 50, 'regressor__max_leaf_nodes': 5, 'regressor__max_bins': 30, 'regressor__learning_rate': 0.0021544346900318843}",0.7810941157361236,0.808605682265753,0.8119884621041026,0.8005627533686597,0.013835502359484143,164
0.06967822710673015,0.007782110819966317,0.010536114374796549,6.910090887538223e-05,50,8,50,1.0,"{'regressor__min_samples_leaf': 50, 'regressor__max_leaf_nodes': 8, 'regressor__max_bins': 50, 'regressor__learning_rate': 1.0}",0.7948944719500091,0.7950908964131976,0.8105151629445917,0.8001668437692661,0.00731780604453925,165
17.417901674906414,0.230554355164422,0.02483534812927246,0.000318644803153981,100,64,255,0.0021544346900318843,"{'regressor__min_samples_leaf': 100, 'regressor__max_leaf_nodes': 64, 'regressor__max_bins': 255, 'regressor__learning_rate': 0.0021544346900318843}",0.7770741268759915,0.7937412934715848,0.7903315706832565,0.7870489970102778,0.007189347583761965,166
0.08263580004374187,0.014570108872755673,0.010538736979166666,8.74460788755116e-05,1,8,10,1.0,"{'regressor__min_samples_leaf': 1, 'regressor__max_leaf_nodes': 8, 'regressor__max_bins': 10, 'regressor__learning_rate': 1.0}",0.7812816655846607,0.7917402789761459,0.7861436715509678,0.7863885387039248,0.004273220367208317,167
17.47916014989217,0.22061304602951318,0.025260448455810547,0.000579267888722024,100,16,255,0.0021544346900318843,"{'regressor__min_samples_leaf': 100, 'regressor__max_leaf_nodes': 16, 'regressor__max_bins': 255, 'regressor__learning_rate': 0.0021544346900318843}",0.7711414151011909,0.7964746712217916,0.7854692484369588,0.7843617782533139,0.010371863672896811,168
0.07996114095052083,0.014539213979197085,0.011089404424031576,0.00019953667933530215,50,16,255,1.0,"{'regressor__min_samples_leaf': 50, 'regressor__max_leaf_nodes': 16, 'regressor__max_bins': 255, 'regressor__learning_rate': 1.0}",0.7717833626021187,0.7476870995326911,0.8125790328032595,0.7773498316460231,0.026782829500889005,169
0.07462859153747559,0.011465072425254097,0.010716994603474935,9.02800492768005e-05,50,64,100,1.0,"{'regressor__min_samples_leaf': 50, 'regressor__max_leaf_nodes': 64, 'regressor__max_bins': 100, 'regressor__learning_rate': 1.0}",0.7804669013249461,0.758409868371697,0.7930536280510014,0.7773101325825481,0.014318319567348805,170
14.654331048329672,0.1578664447221472,0.022472858428955078,0.00031316284146530723,5,5,3,0.0021544346900318843,"{'regressor__min_samples_leaf': 5, 'regressor__max_leaf_nodes': 5, 'regressor__max_bins': 3, 'regressor__learning_rate': 0.0021544346900318843}",0.7589902737361691,0.7658828823888494,0.7924641639899724,0.7724457733716638,0.014432116632015457,171
15.032390197118124,0.13960252470440002,0.024636109670003254,0.002272868180761844,100,5,30,0.0021544346900318843,"{'regressor__min_samples_leaf': 100, 'regressor__max_leaf_nodes': 5, 'regressor__max_bins': 30, 'regressor__learning_rate': 0.0021544346900318843}",0.7523935941493135,0.7711725184298706,0.7680582253839463,0.7638747793210433,0.008217376507727869,172
13.887296199798584,0.12667132793721547,0.02178668975830078,0.0001294252059654182,50,2,30,0.004641588833612777,"{'regressor__min_samples_leaf': 50, 'regressor__max_leaf_nodes': 2, 'regressor__max_bins': 30, 'regressor__learning_rate': 0.004641588833612777}",0.7505488016127617,0.7775626140568386,0.763361400372381,0.7638242720139937,0.011033198487848613,173
0.06219609578450521,0.008300960649398505,0.010608832041422525,0.00025359417193245764,1,6,5,1.0,"{'regressor__min_samples_leaf': 1, 'regressor__max_leaf_nodes': 6, 'regressor__max_bins': 5, 'regressor__learning_rate': 1.0}",0.7473215373411846,0.7115186786800614,0.8153426726228861,0.7580609628813774,0.04306086293654548,174
13.774458646774292,0.20841856485624907,0.021830399831136067,0.0003504378615228058,100,2,5,0.004641588833612777,"{'regressor__min_samples_leaf': 100, 'regressor__max_leaf_nodes': 2, 'regressor__max_bins': 5, 'regressor__learning_rate': 0.004641588833612777}",0.7289247725347522,0.7609477730606291,0.7483398913347696,0.7460708123100503,0.013171425647600295,175
0.07097887992858887,0.007545544725039052,0.010333379109700521,0.0001209827013766976,1,16,3,1.0,"{'regressor__min_samples_leaf': 1, 'regressor__max_leaf_nodes': 16, 'regressor__max_bins': 3, 'regressor__learning_rate': 1.0}",0.7461115457644352,0.7263166457788061,0.753004404998934,0.7418108655140584,0.011311675708749374,176
13.983072916666666,0.2138671770802378,0.021886189778645832,0.00022036759267922128,20,3,50,0.0021544346900318843,"{'regressor__min_samples_leaf': 20, 'regressor__max_leaf_nodes': 3, 'regressor__max_bins': 50, 'regressor__learning_rate': 0.0021544346900318843}",0.7191352225159686,0.7546266896754302,0.7486791780024658,0.7408136967312883,0.015520103242852887,177
0.07431419690450032,0.005695938584864554,0.010590235392252604,8.491279916847661e-05,1,32,10,1.0,"{'regressor__min_samples_leaf': 1, 'regressor__max_leaf_nodes': 32, 'regressor__max_bins': 10, 'regressor__learning_rate': 1.0}",0.7215347460973707,0.7528943059057127,0.738106281573089,0.7375117778587241,0.012809386502172032,178
13.98913343747457,0.1945960943819857,0.022082726160685223,0.0003241723762609549,1,3,5,0.0021544346900318843,"{'regressor__min_samples_leaf': 1, 'regressor__max_leaf_nodes': 3, 'regressor__max_bins': 5, 'regressor__learning_rate': 0.0021544346900318843}",0.7189327704981064,0.7406573910918322,0.7356793569749445,0.7317565061882944,0.00929269798304288,179
25.532001813252766,0.5162470719369874,0.029336293538411457,0.0008368148718173197,1,64,50,0.001,"{'regressor__min_samples_leaf': 1, 'regressor__max_leaf_nodes': 64, 'regressor__max_bins': 50, 'regressor__learning_rate': 0.001}",0.708574461597197,0.6992759625525686,0.7458089365239334,0.7178864535578997,0.020105792073630134,180
19.78825108210246,0.11443869978694357,0.02698795000712077,5.8178475917914735e-05,10,32,5,0.001,"{'regressor__min_samples_leaf': 10, 'regressor__max_leaf_nodes': 32, 'regressor__max_bins': 5, 'regressor__learning_rate': 0.001}",0.7011463417209675,0.7229188950938359,0.7257044530103043,0.7165898966083692,0.010979294874038826,181
19.707255919774372,0.20260851797134982,0.026604175567626953,0.00043220481615815435,1,32,10,0.001,"{'regressor__min_samples_leaf': 1, 'regressor__max_leaf_nodes': 32, 'regressor__max_bins': 10, 'regressor__learning_rate': 0.001}",0.7208958891884062,0.700672827991459,0.7079212396342728,0.7098299856047127,0.008365625476859472,182
23.475364128748577,0.5175383442896694,0.02904518445332845,0.0006493058897959635,1,64,5,0.001,"{'regressor__min_samples_leaf': 1, 'regressor__max_leaf_nodes': 64, 'regressor__max_bins': 5, 'regressor__learning_rate': 0.001}",0.7099414320480599,0.672055975699047,0.7194752216108518,0.700490876452653,0.020479761904661938,183
19.135618686676025,0.3315573082661879,0.025940338770548504,0.0006660319437461892,5,32,3,0.001,"{'regressor__min_samples_leaf': 5, 'regressor__max_leaf_nodes': 32, 'regressor__max_bins': 3, 'regressor__learning_rate': 0.001}",0.6864951318853985,0.6873571182203327,0.7121681017784203,0.6953401172947172,0.011904384386945228,184
0.10270309448242188,0.000237398189278081,0.010675350824991861,8.185233871112745e-05,2,64,3,1.0,"{'regressor__min_samples_leaf': 2, 'regressor__max_leaf_nodes': 64, 'regressor__max_bins': 3, 'regressor__learning_rate': 1.0}",0.6895211650403295,0.7033736111821716,0.6846003203852935,0.6924983655359315,0.00794803556145779,185
0.07436585426330566,0.0026448631993392924,0.010938644409179688,0.0005568500917210102,2,32,10,1.0,"{'regressor__min_samples_leaf': 2, 'regressor__max_leaf_nodes': 32, 'regressor__max_bins': 10, 'regressor__learning_rate': 1.0}",0.718803246055557,0.6240725034920356,0.69355525277212,0.6788103341065709,0.04005444516737427,186
15.725284179051718,0.2137275095996466,0.023653586705525715,0.00021030179551886777,50,8,100,0.001,"{'regressor__min_samples_leaf': 50, 'regressor__max_leaf_nodes': 8, 'regressor__max_bins': 100, 'regressor__learning_rate': 0.001}",0.6577405994774335,0.6671784507673396,0.6694566550480652,0.6647919017642795,0.005072027973210079,187
13.582748651504517,0.042981742515462606,0.021611372629801433,0.00023141052979193803,10,2,10,0.0021544346900318843,"{'regressor__min_samples_leaf': 10, 'regressor__max_leaf_nodes': 2, 'regressor__max_bins': 10, 'regressor__learning_rate': 0.0021544346900318843}",0.6052479803968478,0.637132392541808,0.6293004823976338,0.6238936184454299,0.013566615097501981,188
13.60287912686666,0.052084032067474785,0.02155756950378418,0.00018130642180747277,10,2,5,0.0021544346900318843,"{'regressor__min_samples_leaf': 10, 'regressor__max_leaf_nodes': 2, 'regressor__max_bins': 5, 'regressor__learning_rate': 0.0021544346900318843}",0.6017027283531886,0.6373770550384648,0.6258339544521578,0.6216379126146038,0.014863141692092552,189
14.775978485743204,0.19228559692254918,0.022728919982910156,0.000262316423277923,1,6,3,0.001,"{'regressor__min_samples_leaf': 1, 'regressor__max_leaf_nodes': 6, 'regressor__max_bins': 3, 'regressor__learning_rate': 0.001}",0.614046059247511,0.6151978507617448,0.6336428982926914,0.6209622694339824,0.008978879555650122,190
14.267808119455973,0.1448209509966691,0.02270086606343587,0.0005073674463490215,50,4,5,0.001,"{'regressor__min_samples_leaf': 50, 'regressor__max_leaf_nodes': 4, 'regressor__max_bins': 5, 'regressor__learning_rate': 0.001}",0.592030066495184,0.6046562544491918,0.602005114802936,0.5995638119157706,0.005435998859617527,191
14.57067314783732,0.14220354579986258,0.022379477818806965,0.0003871897334351534,1,4,255,0.001,"{'regressor__min_samples_leaf': 1, 'regressor__max_leaf_nodes': 4, 'regressor__max_bins': 255, 'regressor__learning_rate': 0.001}",0.5917974417468117,0.6045449006196212,0.5983714766119128,0.5982379396594486,0.005204984855357242,192
13.830116192499796,0.080965776182552,0.021604299545288086,0.00013625964226901733,2,3,100,0.001,"{'regressor__min_samples_leaf': 2, 'regressor__max_leaf_nodes': 3, 'regressor__max_bins': 100, 'regressor__learning_rate': 0.001}",0.5398704849325346,0.5661872151447858,0.5468771467825995,0.5509782822866399,0.01112825402846223,193
13.979424715042114,0.19524776219032788,0.02192854881286621,0.00023333794624264556,50,3,5,0.001,"{'regressor__min_samples_leaf': 50, 'regressor__max_leaf_nodes': 3, 'regressor__max_bins': 5, 'regressor__learning_rate': 0.001}",0.5327733014165781,0.5555670267379589,0.5480688913883037,0.5454697398476136,0.00948525768601792,194
13.689828872680664,0.20074981151252186,0.021690924962361652,0.00020546299646928627,5,2,5,0.001,"{'regressor__min_samples_leaf': 5, 'regressor__max_leaf_nodes': 2, 'regressor__max_bins': 5, 'regressor__learning_rate': 0.001}",0.42066865082720817,0.45220839422805614,0.42441308284792706,0.43243004263439716,0.014068702536984756,195
13.900481939315796,0.07121431748300326,0.02181522051493327,0.0001849219884693104,10,2,255,0.001,"{'regressor__min_samples_leaf': 10, 'regressor__max_leaf_nodes': 2, 'regressor__max_bins': 255, 'regressor__learning_rate': 0.001}",0.42073384189652596,0.44987531026108984,0.42570833720985574,0.4321058297891572,0.012727980412916581,196
13.76357618967692,0.20067604255726387,0.0218350092569987,0.0002114402577792853,5,2,255,0.001,"{'regressor__min_samples_leaf': 5, 'regressor__max_leaf_nodes': 2, 'regressor__max_bins': 255, 'regressor__learning_rate': 0.001}",0.4227730231501652,0.44601779623272236,0.42671447682178476,0.43183509873489073,0.010156949853757927,197
13.67557946840922,0.08770796823905751,0.021555662155151367,5.0687363767223095e-05,1,2,100,0.001,"{'regressor__min_samples_leaf': 1, 'regressor__max_leaf_nodes': 2, 'regressor__max_bins': 100, 'regressor__learning_rate': 0.001}",0.4196618227339878,0.44571013332326526,0.4260079333881366,0.4304599631484632,0.01109035761007407,198
13.819043159484863,0.14512281860537288,0.021832625071207683,0.00020846387050777964,100,2,5,0.001,"{'regressor__min_samples_leaf': 100, 'regressor__max_leaf_nodes': 2, 'regressor__max_bins': 5, 'regressor__learning_rate': 0.001}",0.4107966514164504,0.450725884792489,0.4239760800137322,0.42849953874089053,0.016611886881422535,199
13.73750408490499,0.171326277115976,0.021764596303304035,0.00027250873920643703,100,2,3,0.001,"{'regressor__min_samples_leaf': 100, 'regressor__max_leaf_nodes': 2, 'regressor__max_bins': 3, 'regressor__learning_rate': 0.001}",0.40505295312313516,0.4352209858019699,0.4180750136689707,0.41944965086469194,0.012354345240783507,200
